LSL_Timestamp,1
101808.89845785622,Trial Started
101808.90153035622,|p300,s,9,8,0|
101809.09794665647,|p300,s,9,8,4|
101809.29818165675,|p300,s,9,8,7|
101809.48265735697,|p300,s,9,8,2|
101809.66697635723,|p300,s,9,8,1|
101809.85164065745,|p300,s,9,8,5|
101810.0368005577,|p300,s,9,8,6|
101810.22064245795,|p300,s,9,8,3|
101810.42080595822,|p300,s,9,8,8|
101810.60476685845,|p300,s,9,8,4|
101810.78896295869,|p300,s,9,8,6|
101810.97322965892,|p300,s,9,8,5|
101811.17341175918,|p300,s,9,8,3|
101811.37362175944,|p300,s,9,8,2|
101811.57414765972,|p300,s,9,8,7|
101811.75888735996,|p300,s,9,8,8|
101811.94254566019,|p300,s,9,8,0|
101812.12625786044,|p300,s,9,8,1|
101812.31029636067,|p300,s,9,8,0|
101812.51074446093,|p300,s,9,8,4|
101812.69491166118,|p300,s,9,8,6|
101812.87946646143,|p300,s,9,8,7|
101813.07928776169,|p300,s,9,8,5|
101813.27930956196,|p300,s,9,8,3|
101813.46309526218,|p300,s,9,8,2|
101813.64656736243,|p300,s,9,8,8|
101813.8480054627,|p300,s,9,8,1|
101814.03175336293,|p300,s,9,8,4|
101814.23296516319,|p300,s,9,8,5|
101814.43368436345,|p300,s,9,8,7|
101814.6179159637,|p300,s,9,8,0|
101814.80179046393,|p300,s,9,8,1|
101814.98546696418,|p300,s,9,8,3|
101815.18558946444,|p300,s,9,8,8|
101815.38580866471,|p300,s,9,8,6|
101815.58667276497,|p300,s,9,8,2|
101815.78686026523,|p300,s,9,8,5|
101815.98720756549,|p300,s,9,8,1|
101816.18724046575,|p300,s,9,8,0|
101816.38816316602,|p300,s,9,8,2|
101816.57244656626,|p300,s,9,8,7|
101816.75784316649,|p300,s,9,8,3|
101816.94170636674,|p300,s,9,8,8|
101817.12540626698,|p300,s,9,8,6|
101817.32591116724,|p300,s,9,8,4|
101817.5262578675,|p300,s,9,8,2|
101817.72611306775,|p300,s,9,8,0|
101817.910072668,|p300,s,9,8,1|
101818.09542006823,|p300,s,9,8,6|
101818.27998256849,|p300,s,9,8,7|
101818.48039146875,|p300,s,9,8,4|
101818.66436656899,|p300,s,9,8,3|
101818.84867336923,|p300,s,9,8,5|
101819.04873716949,|p300,s,9,8,8|
101819.23345516974,|p300,s,9,8,0|
101819.41785886997,|p300,s,9,8,3|
101819.61876947024,|p300,s,9,8,1|
101819.80309467048,|p300,s,9,8,4|
101820.00326077074,|p300,s,9,8,7|
101820.18724357098,|p300,s,9,8,6|
101820.37187887121,|p300,s,9,8,2|
101820.55581257147,|p300,s,9,8,5|
101820.7400226717,|p300,s,9,8,8|
101820.94015267196,|p300,s,9,8,4|
101821.14053267223,|p300,s,9,8,0|
101821.32455257248,|p300,s,9,8,2|
101821.50834277271,|p300,s,9,8,7|
101821.69253127296,|p300,s,9,8,8|
101821.87699037319,|p300,s,9,8,1|
101822.06105417343,|p300,s,9,8,5|
101822.2612531737,|p300,s,9,8,6|
101822.44613657394,|p300,s,9,8,3|
101822.6471285742,|p300,s,9,8,2|
101822.83168717443,|p300,s,9,8,3|
101823.01670327468,|p300,s,9,8,0|
101823.20120327492,|p300,s,9,8,7|
101823.40142807517,|p300,s,9,8,4|
101823.58516627543,|p300,s,9,8,6|
101823.77004117567,|p300,s,9,8,5|
101823.9539700759,|p300,s,9,8,8|
101824.13829207615,|p300,s,9,8,1|
101824.33843547641,|p300,s,9,8,8|
101824.52251787666,|p300,s,9,8,4|
101824.7075379769,|p300,s,9,8,6|
101824.90770997715,|p300,s,9,8,5|
101825.09148527739,|p300,s,9,8,0|
101825.29142897765,|p300,s,9,8,3|
101825.4758711779,|p300,s,9,8,7|
101825.67594967816,|p300,s,9,8,1|
101825.85993777841,|p300,s,9,8,2|
101826.04415867865,|p300,s,9,8,4|
101826.2285724789,|p300,s,9,8,7|
101826.42856827915,|p300,s,9,8,5|
101826.62863107941,|p300,s,9,8,2|
101826.81304767965,|p300,s,9,8,0|
101827.01312437991,|p300,s,9,8,1|
101827.19798078015,|p300,s,9,8,6|
101827.39822578042,|p300,s,9,8,3|
101827.59825998067,|p300,s,9,8,8|
101827.79869918094,|p300,s,9,8,2|
101827.98294198117,|p300,s,9,8,6|
101828.16726108143,|p300,s,9,8,5|
101828.36743508169,|p300,s,9,8,3|
101828.55145658192,|p300,s,9,8,7|
101828.73618428217,|p300,s,9,8,4|
101828.92021678241,|p300,s,9,8,0|
101829.12016928267,|p300,s,9,8,1|
101829.3046610829,|p300,s,9,8,8|
101829.48856728316,Trial Ends
101837.00446329298,Trial Started
101837.00463709298,|p300,s,9,4,1|
101837.20446879324,|p300,s,9,4,4|
101837.38861679348,|p300,s,9,4,0|
101837.57374229374,|p300,s,9,4,7|
101837.75864129397,|p300,s,9,4,8|
101837.95899689423,|p300,s,9,4,6|
101838.14316089447,|p300,s,9,4,3|
101838.3275341947,|p300,s,9,4,2|
101838.52830389497,|p300,s,9,4,5|
101838.71251329522,|p300,s,9,4,2|
101838.91311699548,|p300,s,9,4,1|
101839.11432509574,|p300,s,9,4,0|
101839.29851509599,|p300,s,9,4,6|
101839.48240659622,|p300,s,9,4,5|
101839.68245639648,|p300,s,9,4,4|
101839.86693889672,|p300,s,9,4,3|
101840.05058589697,|p300,s,9,4,7|
101840.25111089722,|p300,s,9,4,8|
101840.43514919747,|p300,s,9,4,0|
101840.6191557977,|p300,s,9,4,7|
101840.81979249796,|p300,s,9,4,6|
101841.00428569822,|p300,s,9,4,3|
101841.18839999846,|p300,s,9,4,1|
101841.3729734987,|p300,s,9,4,5|
101841.55720489894,|p300,s,9,4,2|
101841.75866779921,|p300,s,9,4,4|
101841.95885869947,|p300,s,9,4,8|
101842.1433204997,|p300,s,9,4,0|
101842.34413329996,|p300,s,9,4,6|
101842.52890430021,|p300,s,9,4,4|
101842.72978540047,|p300,s,9,4,2|
101842.91466550072,|p300,s,9,4,7|
101843.10050900096,|p300,s,9,4,1|
101843.30064600121,|p300,s,9,4,8|
101843.50076710148,|p300,s,9,4,5|
101843.68482560173,|p300,s,9,4,3|
101843.86880020195,|p300,s,9,4,0|
101844.0526712022,|p300,s,9,4,1|
101844.23736280245,|p300,s,9,4,8|
101844.43732640271,|p300,s,9,4,2|
101844.62105240294,|p300,s,9,4,3|
101844.80478760319,|p300,s,9,4,7|
101845.00501040346,|p300,s,9,4,5|
101845.20516340372,|p300,s,9,4,4|
101845.40569330398,|p300,s,9,4,6|
101845.60743220424,|p300,s,9,4,8|
101845.79118290448,|p300,s,9,4,5|
101845.97551640472,|p300,s,9,4,3|
101846.17571540498,|p300,s,9,4,4|
101846.36062510521,|p300,s,9,4,1|
101846.56218910549,|p300,s,9,4,7|
101846.74731600573,|p300,s,9,4,0|
101846.93110160597,|p300,s,9,4,2|
101847.1155119062,|p300,s,9,4,6|
101847.31583910646,|p300,s,9,4,3|
101847.51633760672,|p300,s,9,4,7|
101847.70087120698,|p300,s,9,4,1|
101847.88510620722,|p300,s,9,4,5|
101848.06889980746,|p300,s,9,4,2|
101848.25334590771,|p300,s,9,4,4|
101848.43730530793,|p300,s,9,4,0|
101848.6385096082,|p300,s,9,4,6|
101848.82263810844,|p300,s,9,4,8|
101849.00643230868,|p300,s,9,4,2|
101849.20647190894,|p300,s,9,4,7|
101849.40660880921,|p300,s,9,4,4|
101849.60670580946,|p300,s,9,4,0|
101849.80690480972,|p300,s,9,4,8|
101849.99154240997,|p300,s,9,4,3|
101850.19193531023,|p300,s,9,4,1|
101850.37597971047,|p300,s,9,4,6|
101850.55988831072,|p300,s,9,4,5|
101850.76050591098,|p300,s,9,4,3|
101850.94451191122,|p300,s,9,4,6|
101851.12854201146,|p300,s,9,4,5|
101851.31330181171,|p300,s,9,4,0|
101851.51463431197,|p300,s,9,4,4|
101851.71461981224,|p300,s,9,4,1|
101851.91542391249,|p300,s,9,4,7|
101852.09993051272,|p300,s,9,4,2|
101852.28375041297,|p300,s,9,4,8|
101852.46768121321,|p300,s,9,4,0|
101852.65218811345,|p300,s,9,4,2|
101852.8361894137,|p300,s,9,4,3|
101853.03640441396,|p300,s,9,4,8|
101853.2208949142,|p300,s,9,4,6|
101853.40433381444,|p300,s,9,4,7|
101853.58918351468,|p300,s,9,4,5|
101853.77340421492,|p300,s,9,4,1|
101853.97344441518,|p300,s,9,4,4|
101854.15839661541,|p300,s,9,4,8|
101854.35849001567,|p300,s,9,4,3|
101854.54285011592,|p300,s,9,4,1|
101854.72693691617,|p300,s,9,4,0|
101854.9108766164,|p300,s,9,4,5|
101855.11092791667,|p300,s,9,4,7|
101855.29621531692,|p300,s,9,4,4|
101855.48054911714,|p300,s,9,4,2|
101855.68174911742,|p300,s,9,4,6|
101855.86614441765,|p300,s,9,4,4|
101856.0501440179,|p300,s,9,4,5|
101856.25015641816,|p300,s,9,4,3|
101856.4341610184,|p300,s,9,4,8|
101856.61921851865,|p300,s,9,4,1|
101856.80309901889,|p300,s,9,4,6|
101857.00420931914,|p300,s,9,4,7|
101857.2045428194,|p300,s,9,4,0|
101857.40484181966,|p300,s,9,4,2|
101857.60539951993,Trial Ends
101865.08932132972,Trial Started
101865.08948342972,|p300,s,9,2,3|
101865.27450052997,|p300,s,9,2,0|
101865.4589047302,|p300,s,9,2,4|
101865.64383293045,|p300,s,9,2,5|
101865.8286421307,|p300,s,9,2,8|
101866.02926283095,|p300,s,9,2,1|
101866.21412403119,|p300,s,9,2,7|
101866.39824673143,|p300,s,9,2,2|
101866.58202603167,|p300,s,9,2,6|
101866.76630323191,|p300,s,9,2,4|
101866.94998213215,|p300,s,9,2,3|
101867.15008243242,|p300,s,9,2,6|
101867.33428873266,|p300,s,9,2,1|
101867.5190303329,|p300,s,9,2,8|
101867.70357503314,|p300,s,9,2,0|
101867.88758173339,|p300,s,9,2,5|
101868.07223363362,|p300,s,9,2,2|
101868.27251733388,|p300,s,9,2,7|
101868.47332603415,|p300,s,9,2,1|
101868.6739146344,|p300,s,9,2,7|
101868.87463613467,|p300,s,9,2,8|
101869.05845753492,|p300,s,9,2,6|
101869.25945153518,|p300,s,9,2,3|
101869.45961603544,|p300,s,9,2,0|
101869.64391613568,|p300,s,9,2,2|
101869.82788253592,|p300,s,9,2,5|
101870.02794563617,|p300,s,9,2,4|
101870.21184493644,|p300,s,9,2,0|
101870.39689403666,|p300,s,9,2,7|
101870.59775353692,|p300,s,9,2,3|
101870.78192983718,|p300,s,9,2,8|
101870.9655726374,|p300,s,9,2,1|
101871.16557053766,|p300,s,9,2,4|
101871.35050463791,|p300,s,9,2,2|
101871.53467913816,|p300,s,9,2,5|
101871.73500023842,|p300,s,9,2,6|
101871.93506873869,|p300,s,9,2,8|
101872.13524053895,|p300,s,9,2,6|
101872.31940463917,|p300,s,9,2,0|
101872.50355303942,|p300,s,9,2,2|
101872.70406153968,|p300,s,9,2,5|
101872.88842503993,|p300,s,9,2,4|
101873.07206494016,|p300,s,9,2,1|
101873.2558097404,|p300,s,9,2,7|
101873.44003284065,|p300,s,9,2,3|
101873.64021714091,|p300,s,9,2,8|
101873.84037514117,|p300,s,9,2,1|
101874.04056814144,|p300,s,9,2,4|
101874.22461534166,|p300,s,9,2,2|
101874.40836314192,|p300,s,9,2,3|
101874.59256454215,|p300,s,9,2,0|
101874.77648194239,|p300,s,9,2,6|
101874.96101354265,|p300,s,9,2,7|
101875.1611777429,|p300,s,9,2,5|
101875.34586374313,|p300,s,9,2,2|
101875.53019254339,|p300,s,9,2,8|
101875.73042964365,|p300,s,9,2,3|
101875.9309275439,|p300,s,9,2,4|
101876.11519114414,|p300,s,9,2,1|
101876.3154702444,|p300,s,9,2,6|
101876.51556384466,|p300,s,9,2,0|
101876.71644524492,|p300,s,9,2,7|
101876.91654124518,|p300,s,9,2,5|
101877.11683484545,|p300,s,9,2,0|
101877.3007404457,|p300,s,9,2,4|
101877.48444744592,|p300,s,9,2,2|
101877.6847048462,|p300,s,9,2,1|
101877.88487214646,|p300,s,9,2,6|
101878.0699365467,|p300,s,9,2,8|
101878.25438964694,|p300,s,9,2,3|
101878.45450504721,|p300,s,9,2,7|
101878.65482044747,|p300,s,9,2,5|
101878.85490854773,|p300,s,9,2,7|
101879.055106548,|p300,s,9,2,1|
101879.23885914823,|p300,s,9,2,6|
101879.43976114849,|p300,s,9,2,3|
101879.63994374876,|p300,s,9,2,0|
101879.824054749,|p300,s,9,2,8|
101880.00813644924,|p300,s,9,2,4|
101880.20830384949,|p300,s,9,2,2|
101880.40847864976,|p300,s,9,2,5|
101880.59322695,|p300,s,9,2,4|
101880.77721615024,|p300,s,9,2,2|
101880.96102385048,|p300,s,9,2,8|
101881.14540575074,|p300,s,9,2,7|
101881.33037195097,|p300,s,9,2,3|
101881.53058235123,|p300,s,9,2,1|
101881.71493525147,|p300,s,9,2,6|
101881.91523285174,|p300,s,9,2,0|
101882.09962935197,|p300,s,9,2,5|
101882.29990745224,|p300,s,9,2,2|
101882.49998645249,|p300,s,9,2,3|
101882.70015755275,|p300,s,9,2,6|
101882.90105395301,|p300,s,9,2,1|
101883.10113915328,|p300,s,9,2,4|
101883.28494015352,|p300,s,9,2,7|
101883.48493595379,|p300,s,9,2,5|
101883.66876565402,|p300,s,9,2,8|
101883.85266535426,|p300,s,9,2,0|
101884.03768185452,|p300,s,9,2,4|
101884.23766635478,|p300,s,9,2,2|
101884.42216695502,|p300,s,9,2,6|
101884.60578935526,|p300,s,9,2,0|
101884.80636605552,|p300,s,9,2,7|
101885.00751855578,|p300,s,9,2,3|
101885.20779275605,|p300,s,9,2,5|
101885.40816405631,|p300,s,9,2,1|
101885.59220135654,|p300,s,9,2,8|
101885.7922091568,Trial Ends
101893.17571776647,Trial Started
101893.17589536647,|p300,s,9,3,8|
101893.37682016673,|p300,s,9,3,7|
101893.56079936697,|p300,s,9,3,0|
101893.76091516724,|p300,s,9,3,1|
101893.94458006747,|p300,s,9,3,3|
101894.14552276774,|p300,s,9,3,4|
101894.34579506799,|p300,s,9,3,2|
101894.53000246824,|p300,s,9,3,5|
101894.7300114685,|p300,s,9,3,6|
101894.91397656873,|p300,s,9,3,3|
101895.09905516898,|p300,s,9,3,1|
101895.29980356924,|p300,s,9,3,6|
101895.48420946949,|p300,s,9,3,7|
101895.68476816975,|p300,s,9,3,4|
101895.86870296998,|p300,s,9,3,5|
101896.06876897025,|p300,s,9,3,8|
101896.2532330705,|p300,s,9,3,2|
101896.43718187073,|p300,s,9,3,0|
101896.62132137097,|p300,s,9,3,5|
101896.80494457121,|p300,s,9,3,7|
101897.00520537148,|p300,s,9,3,4|
101897.20692547174,|p300,s,9,3,3|
101897.39073617198,|p300,s,9,3,6|
101897.59082187225,|p300,s,9,3,1|
101897.7748283725,|p300,s,9,3,2|
101897.97564277276,|p300,s,9,3,8|
101898.17594147302,|p300,s,9,3,0|
101898.37618557327,|p300,s,9,3,2|
101898.57691727353,|p300,s,9,3,3|
101898.76100247377,|p300,s,9,3,8|
101898.94498077402,|p300,s,9,3,7|
101899.14519237427,|p300,s,9,3,0|
101899.3298983745,|p300,s,9,3,6|
101899.52991807477,|p300,s,9,3,1|
101899.73011307503,|p300,s,9,3,5|
101899.91386087528,|p300,s,9,3,4|
101900.09803767552,|p300,s,9,3,0|
101900.29887917578,|p300,s,9,3,7|
101900.48329087603,|p300,s,9,3,8|
101900.66754317627,|p300,s,9,3,3|
101900.86769697654,|p300,s,9,3,5|
101901.05200057676,|p300,s,9,3,1|
101901.25212117702,|p300,s,9,3,6|
101901.43653617728,|p300,s,9,3,4|
101901.6205149775,|p300,s,9,3,2|
101901.80477387775,|p300,s,9,3,8|
101901.98870277799,|p300,s,9,3,5|
101902.17296357824,|p300,s,9,3,3|
101902.3733593785,|p300,s,9,3,6|
101902.57423077876,|p300,s,9,3,7|
101902.77445687902,|p300,s,9,3,4|
101902.95884907927,|p300,s,9,3,1|
101903.1450721795,|p300,s,9,3,0|
101903.34611757977,|p300,s,9,3,2|
101903.54678168002,|p300,s,9,3,6|
101903.74716958028,|p300,s,9,3,4|
101903.93167678053,|p300,s,9,3,2|
101904.11654088079,|p300,s,9,3,3|
101904.30037248101,|p300,s,9,3,8|
101904.50079048128,|p300,s,9,3,1|
101904.68491348153,|p300,s,9,3,7|
101904.86884598176,|p300,s,9,3,5|
101905.052573882,|p300,s,9,3,0|
101905.25313048226,|p300,s,9,3,7|
101905.4378616825,|p300,s,9,3,0|
101905.63822348276,|p300,s,9,3,1|
101905.83842258302,|p300,s,9,3,2|
101906.03860008328,|p300,s,9,3,8|
101906.22276268354,|p300,s,9,3,6|
101906.4227993838,|p300,s,9,3,3|
101906.60671358404,|p300,s,9,3,4|
101906.79119478428,|p300,s,9,3,5|
101906.99164318453,|p300,s,9,3,2|
101907.17550378479,|p300,s,9,3,5|
101907.37601788505,|p300,s,9,3,4|
101907.56007868527,|p300,s,9,3,7|
101907.76006338555,|p300,s,9,3,8|
101907.94434098579,|p300,s,9,3,3|
101908.12761808601,|p300,s,9,3,0|
101908.31256338627,|p300,s,9,3,1|
101908.51348338653,|p300,s,9,3,6|
101908.69794928678,|p300,s,9,3,0|
101908.88253598701,|p300,s,9,3,1|
101909.08266638727,|p300,s,9,3,7|
101909.26669338752,|p300,s,9,3,4|
101909.46751838778,|p300,s,9,3,6|
101909.66767438804,|p300,s,9,3,2|
101909.85162728827,|p300,s,9,3,3|
101910.03579248852,|p300,s,9,3,8|
101910.21965688876,|p300,s,9,3,5|
101910.42044848902,|p300,s,9,3,8|
101910.60434318926,|p300,s,9,3,3|
101910.80467408952,|p300,s,9,3,2|
101910.98855878976,|p300,s,9,3,1|
101911.18893109003,|p300,s,9,3,0|
101911.37397379027,|p300,s,9,3,5|
101911.57425469054,|p300,s,9,3,4|
101911.75826019078,|p300,s,9,3,6|
101911.94224029101,|p300,s,9,3,7|
101912.12664579126,|p300,s,9,3,3|
101912.32805979153,|p300,s,9,3,7|
101912.52860709178,|p300,s,9,3,1|
101912.71288939202,|p300,s,9,3,8|
101912.89739759227,|p300,s,9,3,5|
101913.09827939252,|p300,s,9,3,4|
101913.28261849277,|p300,s,9,3,0|
101913.467042193,|p300,s,9,3,6|
101913.66711989327,|p300,s,9,3,2|
101913.85114879352,Trial Ends
101921.27461780322,Trial Started
101921.27478620323,|p300,s,9,5,7|
101921.47574150348,|p300,s,9,5,2|
101921.65979360373,|p300,s,9,5,6|
101921.84381270397,|p300,s,9,5,1|
101922.02825940421,|p300,s,9,5,3|
101922.21235710445,|p300,s,9,5,8|
101922.3971012047,|p300,s,9,5,0|
101922.59731530496,|p300,s,9,5,5|
101922.7811545052,|p300,s,9,5,4|
101922.96510890544,|p300,s,9,5,1|
101923.1660049057,|p300,s,9,5,8|
101923.35025910594,|p300,s,9,5,2|
101923.5501180062,|p300,s,9,5,0|
101923.75009610647,|p300,s,9,5,7|
101923.93473260669,|p300,s,9,5,3|
101924.11891870695,|p300,s,9,5,5|
101924.30334130718,|p300,s,9,5,6|
101924.50333910744,|p300,s,9,5,4|
101924.68755160768,|p300,s,9,5,8|
101924.87160010792,|p300,s,9,5,4|
101925.05681630816,|p300,s,9,5,1|
101925.24106570841,|p300,s,9,5,0|
101925.42476610866,|p300,s,9,5,5|
101925.6085593089,|p300,s,9,5,2|
101925.79332110913,|p300,s,9,5,3|
101925.99414530939,|p300,s,9,5,6|
101926.17811230964,|p300,s,9,5,7|
101926.36217100987,|p300,s,9,5,6|
101926.54650031011,|p300,s,9,5,2|
101926.74668461038,|p300,s,9,5,7|
101926.94745491064,|p300,s,9,5,4|
101927.1482486109,|p300,s,9,5,8|
101927.34858831117,|p300,s,9,5,3|
101927.53249341142,|p300,s,9,5,0|
101927.71762581165,|p300,s,9,5,1|
101927.9023272119,|p300,s,9,5,5|
101928.10223311215,|p300,s,9,5,2|
101928.28570921239,|p300,s,9,5,0|
101928.46975811264,|p300,s,9,5,7|
101928.65398971288,|p300,s,9,5,3|
101928.83874221312,|p300,s,9,5,5|
101929.03897271337,|p300,s,9,5,4|
101929.23970231364,|p300,s,9,5,6|
101929.42422071389,|p300,s,9,5,1|
101929.62508941416,|p300,s,9,5,8|
101929.82628861441,|p300,s,9,5,2|
101930.02770791468,|p300,s,9,5,5|
101930.21186191493,|p300,s,9,5,6|
101930.41265661518,|p300,s,9,5,1|
101930.59747761542,|p300,s,9,5,8|
101930.78190271567,|p300,s,9,5,3|
101930.9656603159,|p300,s,9,5,4|
101931.14991481614,|p300,s,9,5,7|
101931.33349751637,|p300,s,9,5,0|
101931.51869401662,|p300,s,9,5,6|
101931.70264721687,|p300,s,9,5,3|
101931.88685011711,|p300,s,9,5,8|
101932.07050791735,|p300,s,9,5,7|
101932.2706624176,|p300,s,9,5,0|
101932.45513481785,|p300,s,9,5,1|
101932.6550213181,|p300,s,9,5,4|
101932.85520791837,|p300,s,9,5,2|
101933.03971541862,|p300,s,9,5,5|
101933.24042341887,|p300,s,9,5,0|
101933.44067371915,|p300,s,9,5,6|
101933.6406957194,|p300,s,9,5,2|
101933.82459291964,|p300,s,9,5,3|
101934.00836491988,|p300,s,9,5,1|
101934.19257752012,|p300,s,9,5,8|
101934.37709702036,|p300,s,9,5,5|
101934.56112472061,|p300,s,9,5,4|
101934.74510382084,|p300,s,9,5,7|
101934.9456795211,|p300,s,9,5,1|
101935.14640662137,|p300,s,9,5,0|
101935.34632752163,|p300,s,9,5,4|
101935.5465360219,|p300,s,9,5,6|
101935.74669662215,|p300,s,9,5,5|
101935.9303287224,|p300,s,9,5,3|
101936.11423022264,|p300,s,9,5,8|
101936.29944632288,|p300,s,9,5,2|
101936.48313572312,|p300,s,9,5,7|
101936.66652332337,|p300,s,9,5,2|
101936.8504876236,|p300,s,9,5,3|
101937.03442952385,|p300,s,9,5,5|
101937.21837172407,|p300,s,9,5,7|
101937.41848592434,|p300,s,9,5,6|
101937.60305722458,|p300,s,9,5,1|
101937.78782862483,|p300,s,9,5,0|
101937.97220582506,|p300,s,9,5,4|
101938.15637572532,|p300,s,9,5,8|
101938.34053302555,|p300,s,9,5,7|
101938.52461902579,|p300,s,9,5,8|
101938.70881342603,|p300,s,9,5,5|
101938.90876822629,|p300,s,9,5,3|
101939.09301822653,|p300,s,9,5,0|
101939.27752672679,|p300,s,9,5,1|
101939.46171312702,|p300,s,9,5,4|
101939.64666752727,|p300,s,9,5,2|
101939.8315702275,|p300,s,9,5,6|
101940.03178362775,|p300,s,9,5,5|
101940.216547028,|p300,s,9,5,6|
101940.40122912826,|p300,s,9,5,1|
101940.58579422848,|p300,s,9,5,2|
101940.76946142873,|p300,s,9,5,3|
101940.969890229,|p300,s,9,5,8|
101941.16993572925,|p300,s,9,5,4|
101941.37028872952,|p300,s,9,5,7|
101941.57029562978,|p300,s,9,5,0|
101941.75381063,Trial Ends
101949.35530123996,Trial Started
101949.35546883996,|p300,s,9,7,5|
101949.55601784022,|p300,s,9,7,7|
101949.74032064046,|p300,s,9,7,8|
101949.92510954071,|p300,s,9,7,2|
101950.10962494095,|p300,s,9,7,1|
101950.29458494119,|p300,s,9,7,0|
101950.47874514143,|p300,s,9,7,6|
101950.66316624166,|p300,s,9,7,4|
101950.84777554192,|p300,s,9,7,3|
101951.03202554215,|p300,s,9,7,6|
101951.2161402424,|p300,s,9,7,8|
101951.41610814266,|p300,s,9,7,2|
101951.60007444289,|p300,s,9,7,5|
101951.78445464314,|p300,s,9,7,1|
101951.9851500434,|p300,s,9,7,7|
101952.16950944364,|p300,s,9,7,3|
101952.35356524387,|p300,s,9,7,4|
101952.53804514413,|p300,s,9,7,0|
101952.7385675444,|p300,s,9,7,6|
101952.93981374466,|p300,s,9,7,3|
101953.12366404488,|p300,s,9,7,2|
101953.30808544513,|p300,s,9,7,4|
101953.49250354536,|p300,s,9,7,1|
101953.69295124563,|p300,s,9,7,8|
101953.8935674459,|p300,s,9,7,7|
101954.09344924615,|p300,s,9,7,0|
101954.2779157464,|p300,s,9,7,5|
101954.47792274666,|p300,s,9,7,8|
101954.6620298469,|p300,s,9,7,2|
101954.84626064714,|p300,s,9,7,4|
101955.0464257474,|p300,s,9,7,3|
101955.24663244767,|p300,s,9,7,7|
101955.4306887479,|p300,s,9,7,6|
101955.61477104815,|p300,s,9,7,5|
101955.79846394839,|p300,s,9,7,0|
101955.98253644862,|p300,s,9,7,1|
101956.16620484887,|p300,s,9,7,2|
101956.36640364914,|p300,s,9,7,5|
101956.5666705494,|p300,s,9,7,6|
101956.76664604965,|p300,s,9,7,3|
101956.96687954992,|p300,s,9,7,7|
101957.15054705016,|p300,s,9,7,1|
101957.35114315042,|p300,s,9,7,0|
101957.53559845066,|p300,s,9,7,8|
101957.73580025093,|p300,s,9,7,4|
101957.92027865117,|p300,s,9,7,0|
101958.1041029514,|p300,s,9,7,5|
101958.30449015167,|p300,s,9,7,2|
101958.48815845192,|p300,s,9,7,3|
101958.67221695214,|p300,s,9,7,8|
101958.85714105239,|p300,s,9,7,1|
101959.04133295262,|p300,s,9,7,6|
101959.24168635289,|p300,s,9,7,7|
101959.42698155313,|p300,s,9,7,4|
101959.61098105338,|p300,s,9,7,7|
101959.79605705361,|p300,s,9,7,2|
101959.97998095387,|p300,s,9,7,3|
101960.1649296541,|p300,s,9,7,0|
101960.34888045434,|p300,s,9,7,6|
101960.53304635457,|p300,s,9,7,4|
101960.71727065483,|p300,s,9,7,1|
101960.90093435506,|p300,s,9,7,8|
101961.0844496553,|p300,s,9,7,5|
101961.28549455556,|p300,s,9,7,8|
101961.4695201558,|p300,s,9,7,0|
101961.65395055605,|p300,s,9,7,3|
101961.83876435629,|p300,s,9,7,1|
101962.03896675656,|p300,s,9,7,4|
101962.23937185682,|p300,s,9,7,5|
101962.44027535708,|p300,s,9,7,7|
101962.62471815731,|p300,s,9,7,6|
101962.80842435756,|p300,s,9,7,2|
101962.9933824578,|p300,s,9,7,7|
101963.17776245804,|p300,s,9,7,4|
101963.36224375828,|p300,s,9,7,0|
101963.54558275852,|p300,s,9,7,5|
101963.73018305877,|p300,s,9,7,6|
101963.914094459,|p300,s,9,7,8|
101964.09882455925,|p300,s,9,7,1|
101964.2830327595,|p300,s,9,7,2|
101964.46687505973,|p300,s,9,7,3|
101964.66671955999,|p300,s,9,7,8|
101964.86695036026,|p300,s,9,7,6|
101965.06710046051,|p300,s,9,7,7|
101965.26766066077,|p300,s,9,7,1|
101965.45203226102,|p300,s,9,7,5|
101965.63590056126,|p300,s,9,7,4|
101965.83614656152,|p300,s,9,7,0|
101966.02077026176,|p300,s,9,7,3|
101966.22123116202,|p300,s,9,7,2|
101966.40533286225,|p300,s,9,7,7|
101966.58910586251,|p300,s,9,7,8|
101966.77354996275,|p300,s,9,7,1|
101966.957719063,|p300,s,9,7,3|
101967.14212966323,|p300,s,9,7,6|
101967.32746876347,|p300,s,9,7,4|
101967.52813316372,|p300,s,9,7,5|
101967.72875286399,|p300,s,9,7,0|
101967.91294136424,|p300,s,9,7,2|
101968.1130492645,|p300,s,9,7,0|
101968.29727426473,|p300,s,9,7,4|
101968.48098466497,|p300,s,9,7,8|
101968.68117576525,|p300,s,9,7,6|
101968.8815212655,|p300,s,9,7,2|
101969.08138916576,|p300,s,9,7,5|
101969.28205966603,|p300,s,9,7,7|
101969.46567496625,|p300,s,9,7,3|
101969.66680306653,|p300,s,9,7,1|
101969.85103786677,Trial Ends
101977.4523682767,Trial Started
101977.45253367671,|p300,s,9,0,4|
101977.65263047696,|p300,s,9,0,8|
101977.83829027721,|p300,s,9,0,5|
101978.02310427747,|p300,s,9,0,3|
101978.20735807769,|p300,s,9,0,6|
101978.39172827794,|p300,s,9,0,7|
101978.57738957819,|p300,s,9,0,2|
101978.77742037845,|p300,s,9,0,0|
101978.96159927869,|p300,s,9,0,1|
101979.14562007894,|p300,s,9,0,3|
101979.3463381792,|p300,s,9,0,6|
101979.53018257943,|p300,s,9,0,7|
101979.7303226797,|p300,s,9,0,1|
101979.91448657995,|p300,s,9,0,8|
101980.1163966802,|p300,s,9,0,0|
101980.31637678047,|p300,s,9,0,5|
101980.5007670807,|p300,s,9,0,2|
101980.68497358094,|p300,s,9,0,4|
101980.88552018121,|p300,s,9,0,7|
101981.08658548146,|p300,s,9,0,4|
101981.28706068173,|p300,s,9,0,0|
101981.487203182,|p300,s,9,0,5|
101981.68767468225,|p300,s,9,0,6|
101981.88875678251,|p300,s,9,0,1|
101982.08881918278,|p300,s,9,0,3|
101982.28913978304,|p300,s,9,0,8|
101982.4894125833,|p300,s,9,0,2|
101982.67297468355,|p300,s,9,0,3|
101982.85717938378,|p300,s,9,0,0|
101983.04083148403,|p300,s,9,0,5|
101983.24175968429,|p300,s,9,0,1|
101983.42669618454,|p300,s,9,0,6|
101983.6272775848,|p300,s,9,0,2|
101983.82748558506,|p300,s,9,0,8|
101984.0121040853,|p300,s,9,0,4|
101984.19661838554,|p300,s,9,0,7|
101984.3974600858,|p300,s,9,0,4|
101984.58171228603,|p300,s,9,0,3|
101984.76599408628,|p300,s,9,0,8|
101984.96611558655,|p300,s,9,0,2|
101985.16625338681,|p300,s,9,0,0|
101985.35088838704,|p300,s,9,0,6|
101985.5508494873,|p300,s,9,0,7|
101985.73514438755,|p300,s,9,0,1|
101985.9195943878,|p300,s,9,0,5|
101986.12000958806,|p300,s,9,0,4|
101986.30391438829,|p300,s,9,0,5|
101986.48822668854,|p300,s,9,0,6|
101986.67272948877,|p300,s,9,0,0|
101986.85725758901,|p300,s,9,0,2|
101987.05739508929,|p300,s,9,0,8|
101987.25821688955,|p300,s,9,0,1|
101987.44266088979,|p300,s,9,0,3|
101987.62772149002,|p300,s,9,0,7|
101987.81191089028,|p300,s,9,0,8|
101987.9963256905,|p300,s,9,0,4|
101988.18038139075,|p300,s,9,0,1|
101988.38087529101,|p300,s,9,0,7|
101988.56495609124,|p300,s,9,0,3|
101988.74945369149,|p300,s,9,0,0|
101988.94946599175,|p300,s,9,0,2|
101989.14950769201,|p300,s,9,0,6|
101989.35052569228,|p300,s,9,0,5|
101989.55049349254,|p300,s,9,0,7|
101989.7506010928,|p300,s,9,0,5|
101989.93442409305,|p300,s,9,0,0|
101990.13493899332,|p300,s,9,0,2|
101990.31868409355,|p300,s,9,0,8|
101990.51886939381,|p300,s,9,0,4|
101990.71957989407,|p300,s,9,0,1|
101990.90374179432,|p300,s,9,0,6|
101991.08779779455,|p300,s,9,0,3|
101991.28830709482,|p300,s,9,0,7|
101991.48840589507,|p300,s,9,0,0|
101991.68893089534,|p300,s,9,0,1|
101991.87366629558,|p300,s,9,0,2|
101992.05753659582,|p300,s,9,0,8|
101992.24194449607,|p300,s,9,0,3|
101992.4265076963,|p300,s,9,0,4|
101992.61074749654,|p300,s,9,0,5|
101992.8106984968,|p300,s,9,0,6|
101993.01077899706,|p300,s,9,0,1|
101993.19431569731,|p300,s,9,0,7|
101993.37834629754,|p300,s,9,0,8|
101993.56277579779,|p300,s,9,0,4|
101993.76286429806,|p300,s,9,0,3|
101993.94646719829,|p300,s,9,0,5|
101994.14696439855,|p300,s,9,0,2|
101994.34832859882,|p300,s,9,0,6|
101994.53273349906,|p300,s,9,0,0|
101994.71725729931,|p300,s,9,0,3|
101994.91802139957,|p300,s,9,0,2|
101995.10181649981,|p300,s,9,0,5|
101995.28616500006,|p300,s,9,0,0|
101995.46998070028,|p300,s,9,0,6|
101995.65459110052,|p300,s,9,0,1|
101995.85543850079,|p300,s,9,0,4|
101996.03946560103,|p300,s,9,0,7|
101996.22396570127,|p300,s,9,0,8|
101996.40765790151,|p300,s,9,0,0|
101996.60810760177,|p300,s,9,0,8|
101996.80824130203,|p300,s,9,0,2|
101996.99208420227,|p300,s,9,0,6|
101997.17773160253,|p300,s,9,0,3|
101997.36190560275,|p300,s,9,0,4|
101997.54585790301,|p300,s,9,0,7|
101997.73020660324,|p300,s,9,0,1|
101997.91441160349,|p300,s,9,0,5|
101998.09821210372,Trial Ends
102005.54886061346,Trial Started
102005.54903141347,|p300,s,9,6,4|
102005.73357411372,|p300,s,9,6,2|
102005.93351971397,|p300,s,9,6,1|
102006.11715981421,|p300,s,9,6,6|
102006.31756081447,|p300,s,9,6,5|
102006.50190511472,|p300,s,9,6,8|
102006.68614341495,|p300,s,9,6,0|
102006.88624701521,|p300,s,9,6,3|
102007.08753031549,|p300,s,9,6,7|
102007.27185581572,|p300,s,9,6,1|
102007.45588261596,|p300,s,9,6,2|
102007.6405717162,|p300,s,9,6,0|
102007.82483091645,|p300,s,9,6,3|
102008.00916781668,|p300,s,9,6,6|
102008.19375541693,|p300,s,9,6,5|
102008.37822811717,|p300,s,9,6,8|
102008.57862401743,|p300,s,9,6,4|
102008.76244851768,|p300,s,9,6,7|
102008.94608681792,|p300,s,9,6,3|
102009.14662311818,|p300,s,9,6,4|
102009.33059021841,|p300,s,9,6,1|
102009.51534831866,|p300,s,9,6,7|
102009.69886741889,|p300,s,9,6,6|
102009.89975771916,|p300,s,9,6,0|
102010.09982311942,|p300,s,9,6,8|
102010.30038141969,|p300,s,9,6,5|
102010.50049621995,|p300,s,9,6,2|
102010.68475592019,|p300,s,9,6,6|
102010.88579262045,|p300,s,9,6,8|
102011.08571642071,|p300,s,9,6,2|
102011.27026682097,|p300,s,9,6,0|
102011.47007502122,|p300,s,9,6,1|
102011.67066462149,|p300,s,9,6,7|
102011.87136102175,|p300,s,9,6,5|
102012.05576432198,|p300,s,9,6,3|
102012.25662612224,|p300,s,9,6,4|
102012.45669842251,|p300,s,9,6,7|
102012.65692172277,|p300,s,9,6,3|
102012.85694922303,|p300,s,9,6,5|
102013.05786212329,|p300,s,9,6,0|
102013.24249692354,|p300,s,9,6,8|
102013.4434517238,|p300,s,9,6,2|
102013.62703852404,|p300,s,9,6,6|
102013.81097102429,|p300,s,9,6,4|
102013.99486122452,|p300,s,9,6,1|
102014.19542762479,|p300,s,9,6,5|
102014.37941362502,|p300,s,9,6,6|
102014.56397042527,|p300,s,9,6,4|
102014.7481891255,|p300,s,9,6,2|
102014.93230062575,|p300,s,9,6,7|
102015.11611362598,|p300,s,9,6,3|
102015.31647952624,|p300,s,9,6,1|
102015.51734272651,|p300,s,9,6,8|
102015.70129582676,|p300,s,9,6,0|
102015.885482427,|p300,s,9,6,4|
102016.06905802723,|p300,s,9,6,5|
102016.2697925275,|p300,s,9,6,3|
102016.46997352775,|p300,s,9,6,8|
102016.66994462803,|p300,s,9,6,1|
102016.86993912829,|p300,s,9,6,0|
102017.05386812853,|p300,s,9,6,7|
102017.23839372877,|p300,s,9,6,6|
102017.42249732901,|p300,s,9,6,2|
102017.60603952924,|p300,s,9,6,8|
102017.80611462951,|p300,s,9,6,2|
102017.99013222975,|p300,s,9,6,0|
102018.19014103,|p300,s,9,6,4|
102018.37558593025,|p300,s,9,6,5|
102018.5601961305,|p300,s,9,6,7|
102018.74442993074,|p300,s,9,6,6|
102018.944641631,|p300,s,9,6,1|
102019.12866033123,|p300,s,9,6,3|
102019.31330663148,|p300,s,9,6,5|
102019.51308753174,|p300,s,9,6,6|
102019.69667893197,|p300,s,9,6,0|
102019.89681743224,|p300,s,9,6,4|
102020.08131683248,|p300,s,9,6,1|
102020.26575023272,|p300,s,9,6,3|
102020.45059043297,|p300,s,9,6,7|
102020.6346678332,|p300,s,9,6,2|
102020.83509883346,|p300,s,9,6,8|
102021.01994523371,|p300,s,9,6,7|
102021.20478803395,|p300,s,9,6,2|
102021.38863243419,|p300,s,9,6,3|
102021.57302833443,|p300,s,9,6,0|
102021.7732869347,|p300,s,9,6,5|
102021.95698893494,|p300,s,9,6,4|
102022.14245143518,|p300,s,9,6,6|
102022.32630023542,|p300,s,9,6,8|
102022.5265084357,|p300,s,9,6,1|
102022.72700503595,|p300,s,9,6,3|
102022.92772813622,|p300,s,9,6,7|
102023.12810083647,|p300,s,9,6,0|
102023.31240243671,|p300,s,9,6,4|
102023.49644403695,|p300,s,9,6,8|
102023.69706703721,|p300,s,9,6,6|
102023.88148653744,|p300,s,9,6,2|
102024.0819911377,|p300,s,9,6,1|
102024.26626753795,|p300,s,9,6,5|
102024.45067833821,|p300,s,9,6,4|
102024.65077863845,|p300,s,9,6,6|
102024.8355949387,|p300,s,9,6,0|
102025.01942613894,|p300,s,9,6,1|
102025.20321323918,|p300,s,9,6,2|
102025.38712413942,|p300,s,9,6,7|
102025.57188623966,|p300,s,9,6,8|
102025.7560660399,|p300,s,9,6,5|
102025.93976104014,|p300,s,9,6,3|
102026.1406511404,Trial Ends
102033.64639585023,Trial Started
102033.64656705022,|p300,s,9,1,5|
102033.84733935048,|p300,s,9,1,1|
102034.04751635075,|p300,s,9,1,3|
102034.23156575099,|p300,s,9,1,0|
102034.41698705123,|p300,s,9,1,8|
102034.61815795151,|p300,s,9,1,6|
102034.80219415174,|p300,s,9,1,4|
102034.98590285199,|p300,s,9,1,2|
102035.17011525221,|p300,s,9,1,7|
102035.35416875247,|p300,s,9,1,1|
102035.5392169527,|p300,s,9,1,7|
102035.73935665296,|p300,s,9,1,6|
102035.92321245321,|p300,s,9,1,8|
102036.10740405344,|p300,s,9,1,4|
102036.29143735369,|p300,s,9,1,0|
102036.47612505393,|p300,s,9,1,2|
102036.66162205416,|p300,s,9,1,3|
102036.84601505441,|p300,s,9,1,5|
102037.02994995465,|p300,s,9,1,6|
102037.23008635492,|p300,s,9,1,4|
102037.41431155516,|p300,s,9,1,8|
102037.5983612554,|p300,s,9,1,0|
102037.78189935564,|p300,s,9,1,3|
102037.96599615588,|p300,s,9,1,1|
102038.16719225615,|p300,s,9,1,2|
102038.35115415638,|p300,s,9,1,7|
102038.55114675664,|p300,s,9,1,5|
102038.7352176569,|p300,s,9,1,3|
102038.91932605712,|p300,s,9,1,7|
102039.12008845738,|p300,s,9,1,0|
102039.30398125763,|p300,s,9,1,1|
102039.48767705787,|p300,s,9,1,6|
102039.68888445813,|p300,s,9,1,2|
102039.8893022584,|p300,s,9,1,5|
102040.08954405865,|p300,s,9,1,8|
102040.2737063589,|p300,s,9,1,4|
102040.47400485916,|p300,s,9,1,0|
102040.65852325941,|p300,s,9,1,5|
102040.84335375964,|p300,s,9,1,8|
102041.02737815988,|p300,s,9,1,7|
102041.21147656011,|p300,s,9,1,1|
102041.39580826036,|p300,s,9,1,2|
102041.5806649606,|p300,s,9,1,3|
102041.78090426086,|p300,s,9,1,4|
102041.98154766114,|p300,s,9,1,6|
102042.18150196139,|p300,s,9,1,8|
102042.36557156163,|p300,s,9,1,7|
102042.55105906188,|p300,s,9,1,4|
102042.75094066214,|p300,s,9,1,2|
102042.93569456237,|p300,s,9,1,1|
102043.11953416263,|p300,s,9,1,6|
102043.30394576286,|p300,s,9,1,0|
102043.50394726312,|p300,s,9,1,5|
102043.70404776339,|p300,s,9,1,3|
102043.88768956362,|p300,s,9,1,1|
102044.07167666387,|p300,s,9,1,2|
102044.25540966411,|p300,s,9,1,4|
102044.43962356434,|p300,s,9,1,7|
102044.6398226646,|p300,s,9,1,8|
102044.84023526487,|p300,s,9,1,0|
102045.02469076512,|p300,s,9,1,3|
102045.20966856535,|p300,s,9,1,6|
102045.40985376562,|p300,s,9,1,5|
102045.61071896588,|p300,s,9,1,7|
102045.81101066615,|p300,s,9,1,6|
102045.99457646637,|p300,s,9,1,2|
102046.19546606664,|p300,s,9,1,3|
102046.3958119669,|p300,s,9,1,5|
102046.59599186716,|p300,s,9,1,4|
102046.77975336742,|p300,s,9,1,1|
102046.96431046765,|p300,s,9,1,8|
102047.1484845679,|p300,s,9,1,0|
102047.34859236816,|p300,s,9,1,8|
102047.5324052684,|p300,s,9,1,1|
102047.71793166864,|p300,s,9,1,4|
102047.9182082689,|p300,s,9,1,6|
102048.11826456916,|p300,s,9,1,7|
102048.30218356941,|p300,s,9,1,3|
102048.48652196964,|p300,s,9,1,5|
102048.6866515699,|p300,s,9,1,0|
102048.88672787017,|p300,s,9,1,2|
102049.07080907041,|p300,s,9,1,5|
102049.25496057064,|p300,s,9,1,1|
102049.4550710709,|p300,s,9,1,2|
102049.63932807115,|p300,s,9,1,6|
102049.83991737141,|p300,s,9,1,3|
102050.02404897167,|p300,s,9,1,4|
102050.20817657189,|p300,s,9,1,0|
102050.39269457215,|p300,s,9,1,8|
102050.5934616724,|p300,s,9,1,7|
102050.77773867264,|p300,s,9,1,3|
102050.9786259729,|p300,s,9,1,5|
102051.16241507315,|p300,s,9,1,6|
102051.34651997338,|p300,s,9,1,2|
102051.53042817363,|p300,s,9,1,1|
102051.71425417386,|p300,s,9,1,8|
102051.8991075741,|p300,s,9,1,7|
102052.08301957435,|p300,s,9,1,4|
102052.26806357458,|p300,s,9,1,0|
102052.45253487483,|p300,s,9,1,4|
102052.63668887506,|p300,s,9,1,7|
102052.82036387532,|p300,s,9,1,8|
102053.00393537554,|p300,s,9,1,3|
102053.1889806758,|p300,s,9,1,1|
102053.38897637605,|p300,s,9,1,0|
102053.5727678763,|p300,s,9,1,2|
102053.77282527657,|p300,s,9,1,5|
102053.9571294768,|p300,s,9,1,6|
102054.14223487704,Trial Ends
102058.2365849824,Training Complete
102126.15315417123,Trial Started
102126.15348287123,|p300,s,9,-1,3|
102126.35523247151,|p300,s,9,-1,1|
102126.54124867175,|p300,s,9,-1,8|
102126.72743977199,|p300,s,9,-1,4|
102126.91259917224,|p300,s,9,-1,2|
102127.09944657248,|p300,s,9,-1,5|
102127.28596987273,|p300,s,9,-1,7|
102127.47262207296,|p300,s,9,-1,6|
102127.67405017323,|p300,s,9,-1,0|
102127.86078897348,|p300,s,9,-1,5|
102128.04779017373,|p300,s,9,-1,6|
102128.23338307397,|p300,s,9,-1,8|
102128.43494647424,|p300,s,9,-1,2|
102128.6365329745,|p300,s,9,-1,7|
102128.82269107473,|p300,s,9,-1,0|
102129.00715277498,|p300,s,9,-1,4|
102129.19333897522,|p300,s,9,-1,3|
102129.37883797546,|p300,s,9,-1,1|
102129.5656848757,|p300,s,9,-1,2|
102129.75217147595,|p300,s,9,-1,4|
102129.95435917622,|p300,s,9,-1,8|
102130.13945677647,|p300,s,9,-1,1|
102130.3263956767,|p300,s,9,-1,5|
102130.51284677694,|p300,s,9,-1,7|
102130.69802267718,|p300,s,9,-1,6|
102130.88418437744,|p300,s,9,-1,0|
102131.07134117768,|p300,s,9,-1,3|
102131.25651127791,|p300,s,9,-1,5|
102131.44324537816,|p300,s,9,-1,3|
102131.64536597843,|p300,s,9,-1,6|
102131.83254017867,|p300,s,9,-1,0|
102132.01973307892,|p300,s,9,-1,4|
102132.20457897916,|p300,s,9,-1,7|
102132.3892417794,|p300,s,9,-1,8|
102132.57512847966,|p300,s,9,-1,1|
102132.76161227988,|p300,s,9,-1,2|
102132.94874478014,|p300,s,9,-1,0|
102133.13320898038,|p300,s,9,-1,4|
102133.32013268063,|p300,s,9,-1,8|
102133.5222582809,|p300,s,9,-1,3|
102133.70671908112,|p300,s,9,-1,5|
102133.89330698136,|p300,s,9,-1,1|
102134.07878488161,|p300,s,9,-1,6|
102134.26494658187,|p300,s,9,-1,2|
102134.4508005821,|p300,s,9,-1,7|
102134.63629038235,|p300,s,9,-1,1|
102134.8204173826,|p300,s,9,-1,7|
102135.00794518282,|p300,s,9,-1,0|
102135.2101491831,|p300,s,9,-1,3|
102135.39623388334,|p300,s,9,-1,8|
102135.58245508358,|p300,s,9,-1,2|
102135.76859118382,|p300,s,9,-1,6|
102135.95473728408,|p300,s,9,-1,5|
102136.1401797843,|p300,s,9,-1,4|
102136.32643648455,|p300,s,9,-1,0|
102136.5116033848,|p300,s,9,-1,3|
102136.69780888503,|p300,s,9,-1,1|
102136.88393728528,|p300,s,9,-1,8|
102137.08640398554,|p300,s,9,-1,2|
102137.27123078579,|p300,s,9,-1,6|
102137.45794778604,|p300,s,9,-1,4|
102137.64342188627,|p300,s,9,-1,5|
102137.82890218652,|p300,s,9,-1,7|
102138.01546138676,|p300,s,9,-1,4|
102138.20190668701,|p300,s,9,-1,5|
102138.38810528725,|p300,s,9,-1,2|
102138.57530078749,|p300,s,9,-1,6|
102138.77743398775,|p300,s,9,-1,0|
102138.962591188,|p300,s,9,-1,7|
102139.14945338825,|p300,s,9,-1,1|
102139.33556588848,|p300,s,9,-1,8|
102139.52107348874,|p300,s,9,-1,3|
102139.70693458898,|p300,s,9,-1,7|
102139.89244878922,|p300,s,9,-1,6|
102140.07862588945,|p300,s,9,-1,4|
102140.2647541897,|p300,s,9,-1,1|
102140.45092408995,|p300,s,9,-1,3|
102140.65312449021,|p300,s,9,-1,8|
102140.83793379046,|p300,s,9,-1,2|
102141.0241250907,|p300,s,9,-1,5|
102141.22626039096,|p300,s,9,-1,0|
102141.4114236912,|p300,s,9,-1,2|
102141.59794439145,|p300,s,9,-1,0|
102141.7837485917,|p300,s,9,-1,3|
102141.96990529193,|p300,s,9,-1,6|
102142.15638289218,|p300,s,9,-1,1|
102142.34279219243,|p300,s,9,-1,7|
102142.52796569266,|p300,s,9,-1,8|
102142.71424549291,|p300,s,9,-1,4|
102142.90029449316,|p300,s,9,-1,5|
102143.0854669934,|p300,s,9,-1,4|
102143.27172959363,|p300,s,9,-1,8|
102143.45813979387,|p300,s,9,-1,0|
102143.64329919413,|p300,s,9,-1,1|
102143.82884209436,|p300,s,9,-1,6|
102144.01538909461,|p300,s,9,-1,2|
102144.20023809485,|p300,s,9,-1,3|
102144.3865494951,|p300,s,9,-1,7|
102144.57275299534,|p300,s,9,-1,5|
102144.75858419559,|p300,s,9,-1,8|
102144.94482989583,|p300,s,9,-1,7|
102145.13096359606,|p300,s,9,-1,1|
102145.31610699631,|p300,s,9,-1,0|
102145.50288159656,|p300,s,9,-1,4|
102145.6893010968,|p300,s,9,-1,6|
102145.89027779707,|p300,s,9,-1,2|
102146.0754771973,|p300,s,9,-1,5|
102146.26197049755,|p300,s,9,-1,3|
102146.44876399779,Trial Ends
102150.88651050361,Trial Started
102150.8895232036,|p300,s,4,-1,2|
102151.08826480387,|p300,s,4,-1,3|
102151.27483220412,|p300,s,4,-1,1|
102151.46039060435,|p300,s,4,-1,0|
102151.6471105046,|p300,s,4,-1,2|
102151.83228190483,|p300,s,4,-1,3|
102152.01745520509,|p300,s,4,-1,0|
102152.20363100532,|p300,s,4,-1,1|
102152.40578330558,|p300,s,4,-1,0|
102152.59227860582,|p300,s,4,-1,3|
102152.77920610608,|p300,s,4,-1,1|
102152.96529290633,|p300,s,4,-1,2|
102153.15151460656,|p300,s,4,-1,3|
102153.3383576068,|p300,s,4,-1,1|
102153.53998390706,|p300,s,4,-1,0|
102153.72618160732,|p300,s,4,-1,2|
102153.91335880756,|p300,s,4,-1,3|
102154.1005117078,|p300,s,4,-1,2|
102154.28568640804,|p300,s,4,-1,0|
102154.47151200828,|p300,s,4,-1,1|
102154.65798360853,|p300,s,4,-1,0|
102154.84419280879,|p300,s,4,-1,3|
102155.03066110902,|p300,s,4,-1,2|
102155.21647830926,|p300,s,4,-1,1|
102155.41866570953,|p300,s,4,-1,3|
102155.60563300978,|p300,s,4,-1,0|
102155.79212341002,|p300,s,4,-1,2|
102155.97825911027,|p300,s,4,-1,1|
102156.1644879105,|p300,s,4,-1,2|
102156.35027061075,|p300,s,4,-1,0|
102156.551779611,|p300,s,4,-1,3|
102156.73721531125,|p300,s,4,-1,1|
102156.92399421151,|p300,s,4,-1,3|
102157.11017521174,|p300,s,4,-1,2|
102157.29559761198,|p300,s,4,-1,0|
102157.48149061223,|p300,s,4,-1,1|
102157.66767051248,|p300,s,4,-1,2|
102157.8520920127,|p300,s,4,-1,3|
102158.03898381296,|p300,s,4,-1,1|
102158.2241687132,|p300,s,4,-1,0|
102158.40898941344,|p300,s,4,-1,3|
102158.59548371368,|p300,s,4,-1,0|
102158.78165461394,|p300,s,4,-1,2|
102158.96707271416,|p300,s,4,-1,1|
102159.15401661441,|p300,s,4,-1,2|
102159.35568921467,|p300,s,4,-1,1|
102159.54061811493,|p300,s,4,-1,3|
102159.72690261518,|p300,s,4,-1,0|
102159.9127907154,Trial Ends
102176.20684903672,Trial Started
102176.20715283672,|p300,s,9,-1,3|
102176.39389953697,|p300,s,9,-1,7|
102176.58106603722,|p300,s,9,-1,5|
102176.76759783746,|p300,s,9,-1,2|
102176.95440193769,|p300,s,9,-1,8|
102177.15658703797,|p300,s,9,-1,4|
102177.34217333821,|p300,s,9,-1,0|
102177.52890653846,|p300,s,9,-1,1|
102177.73113553872,|p300,s,9,-1,6|
102177.91626513896,|p300,s,9,-1,3|
102178.10343483921,|p300,s,9,-1,5|
102178.28850273944,|p300,s,9,-1,8|
102178.47383823969,|p300,s,9,-1,1|
102178.66078193994,|p300,s,9,-1,4|
102178.84698814017,|p300,s,9,-1,7|
102179.03240834041,|p300,s,9,-1,6|
102179.21928754066,|p300,s,9,-1,0|
102179.40544154092,|p300,s,9,-1,2|
102179.59261694115,|p300,s,9,-1,6|
102179.7797834414,|p300,s,9,-1,3|
102179.96695014164,|p300,s,9,-1,1|
102180.15297774189,|p300,s,9,-1,0|
102180.33878354213,|p300,s,9,-1,5|
102180.52496704237,|p300,s,9,-1,7|
102180.71177294261,|p300,s,9,-1,8|
102180.89728814286,|p300,s,9,-1,4|
102181.0828544431,|p300,s,9,-1,2|
102181.26933634335,|p300,s,9,-1,7|
102181.45482284359,|p300,s,9,-1,3|
102181.63948914384,|p300,s,9,-1,8|
102181.82562814407,|p300,s,9,-1,0|
102182.01284374432,|p300,s,9,-1,6|
102182.19913274457,|p300,s,9,-1,5|
102182.38466494481,|p300,s,9,-1,4|
102182.57046344505,|p300,s,9,-1,2|
102182.7556540453,|p300,s,9,-1,1|
102182.94178754554,|p300,s,9,-1,3|
102183.12796804577,|p300,s,9,-1,7|
102183.31518164602,|p300,s,9,-1,8|
102183.50165814627,|p300,s,9,-1,5|
102183.68746974651,|p300,s,9,-1,4|
102183.87263174675,|p300,s,9,-1,2|
102184.059462047,|p300,s,9,-1,6|
102184.24499714724,|p300,s,9,-1,1|
102184.43112454748,|p300,s,9,-1,0|
102184.61837344772,|p300,s,9,-1,8|
102184.80448374797,|p300,s,9,-1,0|
102184.99129564821,|p300,s,9,-1,3|
102185.17751044847,|p300,s,9,-1,1|
102185.37900214872,|p300,s,9,-1,5|
102185.56450284897,|p300,s,9,-1,4|
102185.7496676492,|p300,s,9,-1,2|
102185.95149374947,|p300,s,9,-1,6|
102186.15369334973,|p300,s,9,-1,7|
102186.33960324997,|p300,s,9,-1,5|
102186.52455595022,|p300,s,9,-1,0|
102186.71072525046,|p300,s,9,-1,4|
102186.8972413507,|p300,s,9,-1,8|
102187.08306465096,|p300,s,9,-1,7|
102187.2692213512,|p300,s,9,-1,1|
102187.45574655144,|p300,s,9,-1,6|
102187.65796955171,|p300,s,9,-1,3|
102187.84409925195,|p300,s,9,-1,2|
102188.0302843522,|p300,s,9,-1,3|
102188.23243895246,|p300,s,9,-1,4|
102188.4176109527,|p300,s,9,-1,5|
102188.60346105295,|p300,s,9,-1,2|
102188.78942765317,|p300,s,9,-1,1|
102188.97537685343,|p300,s,9,-1,7|
102189.16192925368,|p300,s,9,-1,0|
102189.3475310539,|p300,s,9,-1,8|
102189.53274105415,|p300,s,9,-1,6|
102189.7187379544,|p300,s,9,-1,8|
102189.92060505466,|p300,s,9,-1,6|
102190.10585605491,|p300,s,9,-1,1|
102190.29208795514,|p300,s,9,-1,4|
102190.4791955554,|p300,s,9,-1,3|
102190.66535995564,|p300,s,9,-1,7|
102190.85052835589,|p300,s,9,-1,5|
102191.05251415615,|p300,s,9,-1,2|
102191.23722325638,|p300,s,9,-1,0|
102191.42342845663,|p300,s,9,-1,3|
102191.6259728569,|p300,s,9,-1,2|
102191.81213265714,|p300,s,9,-1,4|
102191.99835025739,|p300,s,9,-1,7|
102192.18445935764,|p300,s,9,-1,6|
102192.36861195786,|p300,s,9,-1,8|
102192.55362285812,|p300,s,9,-1,1|
102192.73946125834,|p300,s,9,-1,5|
102192.92563445859,|p300,s,9,-1,0|
102193.11249815884,|p300,s,9,-1,5|
102193.29766275908,|p300,s,9,-1,1|
102193.48378555932,|p300,s,9,-1,0|
102193.67002765957,|p300,s,9,-1,4|
102193.87148965982,|p300,s,9,-1,8|
102194.05591336008,|p300,s,9,-1,3|
102194.24218246031,|p300,s,9,-1,2|
102194.42727236055,|p300,s,9,-1,7|
102194.61277236081,|p300,s,9,-1,6|
102194.79967396105,|p300,s,9,-1,7|
102194.98511536128,|p300,s,9,-1,2|
102195.17128136153,|p300,s,9,-1,3|
102195.35845856178,|p300,s,9,-1,4|
102195.543614862,|p300,s,9,-1,0|
102195.72910526226,|p300,s,9,-1,8|
102195.9139639625,|p300,s,9,-1,6|
102196.09911136274,|p300,s,9,-1,5|
102196.28564786298,|p300,s,9,-1,1|
102196.47242086324,Trial Ends
102221.25232949566,Trial Started
102221.25259289566,|p300,s,5,-1,3|
102221.4365325959,|p300,s,5,-1,1|
102221.62383599614,|p300,s,5,-1,0|
102221.80899369638,|p300,s,5,-1,4|
102221.99522949662,|p300,s,5,-1,2|
102222.18133739686,|p300,s,5,-1,0|
102222.36650639711,|p300,s,5,-1,4|
102222.55303809737,|p300,s,5,-1,1|
102222.73800059759,|p300,s,5,-1,2|
102222.92310089784,|p300,s,5,-1,3|
102223.11026349809,|p300,s,5,-1,0|
102223.29711139832,|p300,s,5,-1,3|
102223.48259469857,|p300,s,5,-1,2|
102223.66980629881,|p300,s,5,-1,4|
102223.87159739908,|p300,s,5,-1,1|
102224.05712189933,|p300,s,5,-1,2|
102224.24330589957,|p300,s,5,-1,0|
102224.44546009983,|p300,s,5,-1,1|
102224.63059380007,|p300,s,5,-1,4|
102224.81795350031,|p300,s,5,-1,3|
102225.00295510056,|p300,s,5,-1,2|
102225.1881246008,|p300,s,5,-1,0|
102225.37428770104,|p300,s,5,-1,3|
102225.5594402013,|p300,s,5,-1,1|
102225.74465540153,|p300,s,5,-1,4|
102225.94679190179,|p300,s,5,-1,0|
102226.13394790204,|p300,s,5,-1,3|
102226.32060460228,|p300,s,5,-1,1|
102226.52291320254,|p300,s,5,-1,2|
102226.7089958028,|p300,s,5,-1,4|
102226.89621340303,|p300,s,5,-1,0|
102227.0979994033,|p300,s,5,-1,4|
102227.28306680355,|p300,s,5,-1,1|
102227.4695256038,|p300,s,5,-1,3|
102227.65486960403,|p300,s,5,-1,2|
102227.83868920428,|p300,s,5,-1,3|
102228.0247764045,|p300,s,5,-1,2|
102228.22625000478,|p300,s,5,-1,0|
102228.41241910502,|p300,s,5,-1,1|
102228.59924060527,|p300,s,5,-1,4|
102228.7857471055,|p300,s,5,-1,0|
102228.97129820575,|p300,s,5,-1,2|
102229.15804770599,|p300,s,5,-1,1|
102229.36017230626,|p300,s,5,-1,4|
102229.54700330649,|p300,s,5,-1,3|
102229.73354820674,|p300,s,5,-1,2|
102229.93570350701,|p300,s,5,-1,0|
102230.12287830726,|p300,s,5,-1,3|
102230.3100680075,|p300,s,5,-1,1|
102230.49519160776,|p300,s,5,-1,4|
102230.68100970799,|p300,s,5,-1,2|
102230.86751890823,|p300,s,5,-1,3|
102231.0686939085,|p300,s,5,-1,1|
102231.25518880873,|p300,s,5,-1,0|
102231.440980209,|p300,s,5,-1,4|
102231.62615480922,|p300,s,5,-1,2|
102231.81266370947,|p300,s,5,-1,0|
102231.99948270971,|p300,s,5,-1,4|
102232.18468170994,|p300,s,5,-1,1|
102232.37156651019,|p300,s,5,-1,3|
102232.55697041044,Trial Ends
102238.4117186181,Trial Started
102238.4120231181,|p300,s,9,-1,3|
102238.61385291835,|p300,s,9,-1,0|
102238.81502261864,|p300,s,9,-1,8|
102239.00130181886,|p300,s,9,-1,6|
102239.18655001912,|p300,s,9,-1,1|
102239.37156441936,|p300,s,9,-1,4|
102239.5587824196,|p300,s,9,-1,5|
102239.76090781987,|p300,s,9,-1,7|
102239.94712402011,|p300,s,9,-1,2|
102240.13361342036,|p300,s,9,-1,4|
102240.3197301206,|p300,s,9,-1,8|
102240.50658912085,|p300,s,9,-1,0|
102240.69245232108,|p300,s,9,-1,7|
102240.89393662135,|p300,s,9,-1,5|
102241.08115662159,|p300,s,9,-1,1|
102241.26697872183,|p300,s,9,-1,3|
102241.4684411221,|p300,s,9,-1,2|
102241.65352932234,|p300,s,9,-1,6|
102241.83981442258,|p300,s,9,-1,5|
102242.02599632283,|p300,s,9,-1,6|
102242.21146782307,|p300,s,9,-1,0|
102242.39729762332,|p300,s,9,-1,4|
102242.58246012355,|p300,s,9,-1,7|
102242.7686795238,|p300,s,9,-1,1|
102242.95481422405,|p300,s,9,-1,8|
102243.1558721243,|p300,s,9,-1,3|
102243.34201642455,|p300,s,9,-1,2|
102243.52814142479,|p300,s,9,-1,3|
102243.71288502504,|p300,s,9,-1,1|
102243.89923552528,|p300,s,9,-1,4|
102244.10038762554,|p300,s,9,-1,2|
102244.28489102577,|p300,s,9,-1,0|
102244.47163832602,|p300,s,9,-1,5|
102244.65774182628,|p300,s,9,-1,8|
102244.8435881265,|p300,s,9,-1,6|
102245.03006562675,|p300,s,9,-1,7|
102245.23227282702,|p300,s,9,-1,2|
102245.41712512726,|p300,s,9,-1,8|
102245.60360362752,|p300,s,9,-1,1|
102245.78774792774,|p300,s,9,-1,3|
102245.973436128,|p300,s,9,-1,7|
102246.15961262824,|p300,s,9,-1,4|
102246.34583012848,|p300,s,9,-1,0|
102246.53266502872,|p300,s,9,-1,5|
102246.71810702897,|p300,s,9,-1,6|
102246.90462582921,|p300,s,9,-1,4|
102247.09119252946,|p300,s,9,-1,2|
102247.27565332969,|p300,s,9,-1,3|
102247.46286472994,|p300,s,9,-1,7|
102247.6489706302,|p300,s,9,-1,1|
102247.85016773044,|p300,s,9,-1,5|
102248.0367156307,|p300,s,9,-1,8|
102248.22250903094,|p300,s,9,-1,6|
102248.40767733118,|p300,s,9,-1,0|
102248.59354283143,|p300,s,9,-1,5|
102248.77900033166,|p300,s,9,-1,7|
102248.96416343191,|p300,s,9,-1,8|
102249.15140283215,|p300,s,9,-1,1|
102249.35249303242,|p300,s,9,-1,6|
102249.53848263266,|p300,s,9,-1,4|
102249.7259011329,|p300,s,9,-1,0|
102249.92705413316,|p300,s,9,-1,3|
102250.1125677334,|p300,s,9,-1,2|
102250.29837713366,|p300,s,9,-1,5|
102250.4835414339,|p300,s,9,-1,2|
102250.66939963413,|p300,s,9,-1,3|
102250.87169273439,|p300,s,9,-1,4|
102251.05743223464,|p300,s,9,-1,6|
102251.24394993488,|p300,s,9,-1,1|
102251.42929953514,|p300,s,9,-1,0|
102251.61446793537,|p300,s,9,-1,8|
102251.80171023562,|p300,s,9,-1,7|
102252.00334283587,|p300,s,9,-1,5|
102252.18790693613,|p300,s,9,-1,0|
102252.37416993636,|p300,s,9,-1,8|
102252.57534013664,|p300,s,9,-1,1|
102252.76154563687,|p300,s,9,-1,3|
102252.94767983712,|p300,s,9,-1,2|
102253.13223863736,|p300,s,9,-1,4|
102253.3184659376,|p300,s,9,-1,7|
102253.50456973784,|p300,s,9,-1,6|
102253.69174353809,|p300,s,9,-1,0|
102253.87825793834,|p300,s,9,-1,3|
102254.06308783857,|p300,s,9,-1,6|
102254.24817343881,|p300,s,9,-1,8|
102254.43440543907,|p300,s,9,-1,7|
102254.6195781393,|p300,s,9,-1,4|
102254.80640273954,|p300,s,9,-1,2|
102254.9925520398,|p300,s,9,-1,5|
102255.17673504003,|p300,s,9,-1,1|
102255.36393874028,|p300,s,9,-1,2|
102255.56607334054,|p300,s,9,-1,0|
102255.75220354079,|p300,s,9,-1,1|
102255.93881524102,|p300,s,9,-1,6|
102256.12457814127,|p300,s,9,-1,7|
102256.30942894152,|p300,s,9,-1,4|
102256.49598984176,|p300,s,9,-1,5|
102256.69809514203,|p300,s,9,-1,3|
102256.88325804226,|p300,s,9,-1,8|
102257.07046154252,|p300,s,9,-1,6|
102257.27227314278,|p300,s,9,-1,3|
102257.45775704301,|p300,s,9,-1,1|
102257.64391814325,|p300,s,9,-1,8|
102257.83008364351,|p300,s,9,-1,4|
102258.01725944375,|p300,s,9,-1,5|
102258.21943104401,|p300,s,9,-1,2|
102258.40424384426,|p300,s,9,-1,7|
102258.5914756445,|p300,s,9,-1,0|
102258.77757744474,Trial Ends
102261.41934254821,Trial Started
102261.4196226482,|p300,s,4,-1,0|
102261.62061564847,|p300,s,4,-1,3|
102261.8063345487,|p300,s,4,-1,1|
102262.00844384897,|p300,s,4,-1,2|
102262.19362674921,|p300,s,4,-1,1|
102262.37913534946,|p300,s,4,-1,3|
102262.56595734971,|p300,s,4,-1,2|
102262.75045374993,|p300,s,4,-1,0|
102262.93738445018,|p300,s,4,-1,2|
102263.13948555045,|p300,s,4,-1,1|
102263.32360065069,|p300,s,4,-1,3|
102263.50981345095,|p300,s,4,-1,0|
102263.69497905117,|p300,s,4,-1,1|
102263.88124585141,|p300,s,4,-1,3|
102264.06731145167,|p300,s,4,-1,0|
102264.2517470519,|p300,s,4,-1,2|
102264.43663105214,|p300,s,4,-1,1|
102264.6225017524,|p300,s,4,-1,0|
102264.80866335263,|p300,s,4,-1,2|
102264.99590185288,|p300,s,4,-1,3|
102265.17999265312,|p300,s,4,-1,0|
102265.36619745336,|p300,s,4,-1,2|
102265.5530117536,|p300,s,4,-1,1|
102265.73782215385,|p300,s,4,-1,3|
102265.9243812541,|p300,s,4,-1,2|
102266.11048995433,|p300,s,4,-1,1|
102266.29522235457,|p300,s,4,-1,3|
102266.48209365482,|p300,s,4,-1,0|
102266.66718375505,|p300,s,4,-1,2|
102266.8534172553,|p300,s,4,-1,3|
102267.03931175555,|p300,s,4,-1,0|
102267.2258803558,|p300,s,4,-1,1|
102267.41199985603,|p300,s,4,-1,0|
102267.59781195628,|p300,s,4,-1,3|
102267.78194385653,|p300,s,4,-1,2|
102267.96754935676,|p300,s,4,-1,1|
102268.15202065701,|p300,s,4,-1,0|
102268.33751255725,|p300,s,4,-1,1|
102268.52332375749,|p300,s,4,-1,2|
102268.70948255774,|p300,s,4,-1,3|
102268.89567235799,|p300,s,4,-1,1|
102269.08183335821,|p300,s,4,-1,2|
102269.26798105847,|p300,s,4,-1,0|
102269.45488775871,|p300,s,4,-1,3|
102269.64032585896,|p300,s,4,-1,1|
102269.82715285919,|p300,s,4,-1,3|
102270.01365545944,|p300,s,4,-1,0|
102270.19881645968,|p300,s,4,-1,2|
102270.38598335993,Trial Ends
102273.0382052634,Trial Started
102273.03855466339,|p300,s,9,-1,0|
102273.22411566364,|p300,s,9,-1,2|
102273.4262926639,|p300,s,9,-1,4|
102273.61252036416,|p300,s,9,-1,6|
102273.7986257644,|p300,s,9,-1,5|
102273.98283736463,|p300,s,9,-1,3|
102274.16863596487,|p300,s,9,-1,7|
102274.35409126511,|p300,s,9,-1,1|
102274.53791286536,|p300,s,9,-1,8|
102274.72425156561,|p300,s,9,-1,7|
102274.91031916584,|p300,s,9,-1,0|
102275.09572466608,|p300,s,9,-1,3|
102275.28221436634,|p300,s,9,-1,8|
102275.4833371666,|p300,s,9,-1,1|
102275.66957296684,|p300,s,9,-1,5|
102275.87089306711,|p300,s,9,-1,2|
102276.07205606737,|p300,s,9,-1,4|
102276.25833206762,|p300,s,9,-1,6|
102276.44344716785,|p300,s,9,-1,8|
102276.6278896681,|p300,s,9,-1,5|
102276.81483586834,|p300,s,9,-1,4|
102277.0162740686,|p300,s,9,-1,2|
102277.20348176885,|p300,s,9,-1,0|
102277.38880116909,|p300,s,9,-1,1|
102277.57392036934,|p300,s,9,-1,3|
102277.76111766958,|p300,s,9,-1,6|
102277.94624856982,|p300,s,9,-1,7|
102278.13341047007,|p300,s,9,-1,1|
102278.31894037031,|p300,s,9,-1,2|
102278.50391987055,|p300,s,9,-1,7|
102278.69007757079,|p300,s,9,-1,5|
102278.87631997104,|p300,s,9,-1,8|
102279.06143557129,|p300,s,9,-1,0|
102279.24796027152,|p300,s,9,-1,3|
102279.43380337176,|p300,s,9,-1,4|
102279.61893237202,|p300,s,9,-1,6|
102279.80511727225,|p300,s,9,-1,1|
102279.9922790725,|p300,s,9,-1,4|
102280.17749137274,|p300,s,9,-1,0|
102280.36464687299,|p300,s,9,-1,3|
102280.56579657325,|p300,s,9,-1,6|
102280.7513149735,|p300,s,9,-1,5|
102280.93779697373,|p300,s,9,-1,2|
102281.12303177398,|p300,s,9,-1,8|
102281.30920007422,|p300,s,9,-1,7|
102281.49435927445,|p300,s,9,-1,0|
102281.6796964747,|p300,s,9,-1,5|
102281.86522617495,|p300,s,9,-1,6|
102282.05209247519,|p300,s,9,-1,7|
102282.23854647543,|p300,s,9,-1,4|
102282.42402897569,|p300,s,9,-1,8|
102282.62420217594,|p300,s,9,-1,1|
102282.81066567618,|p300,s,9,-1,2|
102282.99754177642,|p300,s,9,-1,3|
102283.18235247667,|p300,s,9,-1,0|
102283.36861777691,|p300,s,9,-1,3|
102283.57107957717,|p300,s,9,-1,6|
102283.75577787742,|p300,s,9,-1,5|
102283.94262127766,|p300,s,9,-1,8|
102284.14374827793,|p300,s,9,-1,1|
102284.32926837816,|p300,s,9,-1,7|
102284.51509237841,|p300,s,9,-1,2|
102284.70024587866,|p300,s,9,-1,4|
102284.8866766789,|p300,s,9,-1,8|
102285.07314317914,|p300,s,9,-1,6|
102285.25788807939,|p300,s,9,-1,1|
102285.44455867962,|p300,s,9,-1,4|
102285.62962997987,|p300,s,9,-1,7|
102285.81585638011,|p300,s,9,-1,3|
102286.00265288036,|p300,s,9,-1,5|
102286.1869333806,|p300,s,9,-1,0|
102286.37246438084,|p300,s,9,-1,2|
102286.5585819811,|p300,s,9,-1,4|
102286.74540068132,|p300,s,9,-1,0|
102286.93194588157,|p300,s,9,-1,1|
102287.11711408182,|p300,s,9,-1,8|
102287.30260928205,|p300,s,9,-1,6|
102287.4900726823,|p300,s,9,-1,2|
102287.67554058255,|p300,s,9,-1,5|
102287.8624004828,|p300,s,9,-1,7|
102288.04757358303,|p300,s,9,-1,3|
102288.23375678327,|p300,s,9,-1,6|
102288.42089478353,|p300,s,9,-1,8|
102288.62180878378,|p300,s,9,-1,4|
102288.80905228404,|p300,s,9,-1,2|
102288.99514328428,|p300,s,9,-1,3|
102289.1796115845,|p300,s,9,-1,1|
102289.36583418476,|p300,s,9,-1,5|
102289.56765138502,|p300,s,9,-1,7|
102289.75183518526,|p300,s,9,-1,0|
102289.9384338855,|p300,s,9,-1,3|
102290.12268718575,|p300,s,9,-1,2|
102290.308195486,|p300,s,9,-1,8|
102290.49503028623,|p300,s,9,-1,7|
102290.68068178647,|p300,s,9,-1,1|
102290.86791268672,|p300,s,9,-1,4|
102291.05502968698,|p300,s,9,-1,0|
102291.24121238722,|p300,s,9,-1,6|
102291.42841848746,|p300,s,9,-1,5|
102291.61353188769,|p300,s,9,-1,0|
102291.79940328795,|p300,s,9,-1,1|
102291.9858562882,|p300,s,9,-1,6|
102292.17141378843,|p300,s,9,-1,5|
102292.35634128867,|p300,s,9,-1,2|
102292.54214688893,|p300,s,9,-1,4|
102292.72896888915,|p300,s,9,-1,7|
102292.91548648941,|p300,s,9,-1,8|
102293.10064088965,|p300,s,9,-1,3|
102293.28650808988,Trial Ends
102295.83567109323,Trial Started
102295.83593239322,|p300,s,4,-1,1|
102296.02050199347,|p300,s,4,-1,2|
102296.20770919371,|p300,s,4,-1,3|
102296.39282669396,|p300,s,4,-1,0|
102296.57861119419,|p300,s,4,-1,3|
102296.76514469444,|p300,s,4,-1,1|
102296.9663237947,|p300,s,4,-1,2|
102297.15256089495,|p300,s,4,-1,0|
102297.33763939519,|p300,s,4,-1,2|
102297.52314129543,|p300,s,4,-1,0|
102297.70933069567,|p300,s,4,-1,1|
102297.89466039592,|p300,s,4,-1,3|
102298.07885359615,|p300,s,4,-1,0|
102298.2645883964,|p300,s,4,-1,3|
102298.46576219666,|p300,s,4,-1,2|
102298.6506529969,|p300,s,4,-1,1|
102298.83575519714,|p300,s,4,-1,2|
102299.01956849739,|p300,s,4,-1,3|
102299.20523719763,|p300,s,4,-1,1|
102299.38969899787,|p300,s,4,-1,0|
102299.57688619812,|p300,s,4,-1,2|
102299.76305469837,|p300,s,4,-1,1|
102299.96525869863,|p300,s,4,-1,3|
102300.15109569888,|p300,s,4,-1,0|
102300.33665799911,|p300,s,4,-1,1|
102300.52149129935,|p300,s,4,-1,3|
102300.7072363996,|p300,s,4,-1,0|
102300.90867269986,|p300,s,4,-1,2|
102301.0938450001,|p300,s,4,-1,3|
102301.27922200035,|p300,s,4,-1,1|
102301.46519090059,|p300,s,4,-1,2|
102301.65136530083,|p300,s,4,-1,0|
102301.83649620107,|p300,s,4,-1,1|
102302.02025490132,|p300,s,4,-1,0|
102302.20692770155,|p300,s,4,-1,3|
102302.3919954018,|p300,s,4,-1,2|
102302.57745260204,|p300,s,4,-1,1|
102302.76435650227,|p300,s,4,-1,0|
102302.96451110255,|p300,s,4,-1,3|
102303.15069200279,|p300,s,4,-1,2|
102303.33616130304,|p300,s,4,-1,0|
102303.52050910327,|p300,s,4,-1,2|
102303.70674930351,|p300,s,4,-1,3|
102303.89184600377,|p300,s,4,-1,1|
102304.07769480401,|p300,s,4,-1,0|
102304.26386070425,|p300,s,4,-1,1|
102304.44833040448,|p300,s,4,-1,2|
102304.63513640474,|p300,s,4,-1,3|
102304.82095800497,Trial Ends
102308.61225610993,Trial Started
102308.61252910993,|p300,s,9,-1,0|
102308.79796031018,|p300,s,9,-1,1|
102308.98341991042,|p300,s,9,-1,4|
102309.16887831067,|p300,s,9,-1,6|
102309.35336861091,|p300,s,9,-1,3|
102309.53959611115,|p300,s,9,-1,7|
102309.72581121139,|p300,s,9,-1,8|
102309.91191751164,|p300,s,9,-1,2|
102310.09710301188,|p300,s,9,-1,5|
102310.28435661213,|p300,s,9,-1,8|
102310.46940621236,|p300,s,9,-1,6|
102310.65482921261,|p300,s,9,-1,1|
102310.83978611285,|p300,s,9,-1,2|
102311.0256083131,|p300,s,9,-1,5|
102311.21183821333,|p300,s,9,-1,4|
102311.4132994136,|p300,s,9,-1,3|
102311.60045331385,|p300,s,9,-1,0|
102311.78632071409,|p300,s,9,-1,7|
102311.98750341436,|p300,s,9,-1,0|
102312.17339351459,|p300,s,9,-1,5|
102312.35940121484,|p300,s,9,-1,1|
102312.54588041508,|p300,s,9,-1,2|
102312.73275141533,|p300,s,9,-1,8|
102312.91994711556,|p300,s,9,-1,7|
102313.10713731582,|p300,s,9,-1,3|
102313.29330671606,|p300,s,9,-1,4|
102313.47844681631,|p300,s,9,-1,6|
102313.66462241655,|p300,s,9,-1,5|
102313.8507505168,|p300,s,9,-1,4|
102314.03552501704,|p300,s,9,-1,1|
102314.22207091728,|p300,s,9,-1,0|
102314.40715941752,|p300,s,9,-1,6|
102314.59303691777,|p300,s,9,-1,2|
102314.777514018,|p300,s,9,-1,8|
102314.97867221828,|p300,s,9,-1,3|
102315.16518241851,|p300,s,9,-1,7|
102315.35100291875,|p300,s,9,-1,2|
102315.538516319,|p300,s,9,-1,6|
102315.72570891924,|p300,s,9,-1,5|
102315.92685331951,|p300,s,9,-1,7|
102316.11269961974,|p300,s,9,-1,8|
102316.29783822,|p300,s,9,-1,3|
102316.48157452024,|p300,s,9,-1,0|
102316.66850052046,|p300,s,9,-1,1|
102316.85433172072,|p300,s,9,-1,4|
102317.03978672097,|p300,s,9,-1,3|
102317.2256513212,|p300,s,9,-1,5|
102317.40980172144,|p300,s,9,-1,6|
102317.5953378217,|p300,s,9,-1,0|
102317.79721472196,|p300,s,9,-1,1|
102317.9823360222,|p300,s,9,-1,8|
102318.16854322243,|p300,s,9,-1,4|
102318.37020562269,|p300,s,9,-1,2|
102318.55570702294,|p300,s,9,-1,7|
102318.74255582319,|p300,s,9,-1,8|
102318.92768882343,|p300,s,9,-1,1|
102319.11457662367,|p300,s,9,-1,7|
102319.30025282392,|p300,s,9,-1,5|
102319.48542042417,|p300,s,9,-1,2|
102319.6724093244,|p300,s,9,-1,6|
102319.87344732467,|p300,s,9,-1,0|
102320.05923782491,|p300,s,9,-1,3|
102320.24578112515,|p300,s,9,-1,4|
102320.4305526254,|p300,s,9,-1,5|
102320.61710892564,|p300,s,9,-1,7|
102320.80327042588,|p300,s,9,-1,3|
102320.98774592613,|p300,s,9,-1,0|
102321.17342752636,|p300,s,9,-1,8|
102321.3576000266,|p300,s,9,-1,2|
102321.54410832685,|p300,s,9,-1,4|
102321.73095392711,|p300,s,9,-1,6|
102321.91708222734,|p300,s,9,-1,1|
102322.10332692758,|p300,s,9,-1,5|
102322.29053582784,|p300,s,9,-1,6|
102322.47703612808,|p300,s,9,-1,2|
102322.66383412831,|p300,s,9,-1,1|
102322.84927882857,|p300,s,9,-1,4|
102323.03618572881,|p300,s,9,-1,7|
102323.22233722906,|p300,s,9,-1,3|
102323.40851372929,|p300,s,9,-1,0|
102323.59470352954,|p300,s,9,-1,8|
102323.77985302979,|p300,s,9,-1,4|
102323.96708273003,|p300,s,9,-1,6|
102324.15224093026,|p300,s,9,-1,7|
102324.33806193051,|p300,s,9,-1,0|
102324.54016243077,|p300,s,9,-1,3|
102324.72631483102,|p300,s,9,-1,5|
102324.91284703127,|p300,s,9,-1,8|
102325.11467003153,|p300,s,9,-1,2|
102325.29979173176,|p300,s,9,-1,1|
102325.48633333201,|p300,s,9,-1,3|
102325.68714513227,|p300,s,9,-1,2|
102325.87296763252,|p300,s,9,-1,1|
102326.05842153277,|p300,s,9,-1,5|
102326.24356583299,|p300,s,9,-1,6|
102326.43040203325,|p300,s,9,-1,4|
102326.6321688335,|p300,s,9,-1,0|
102326.81806003375,|p300,s,9,-1,7|
102327.00410123401,|p300,s,9,-1,8|
102327.20627183426,|p300,s,9,-1,4|
102327.39315273451,|p300,s,9,-1,2|
102327.57861393475,|p300,s,9,-1,1|
102327.76380653499,|p300,s,9,-1,3|
102327.95101143525,|p300,s,9,-1,7|
102328.13614163548,|p300,s,9,-1,5|
102328.32136683572,|p300,s,9,-1,8|
102328.52348223598,|p300,s,9,-1,6|
102328.70869073622,|p300,s,9,-1,0|
102328.89515413648,Trial Ends
102331.95328534048,Trial Started
102331.95364034048,|p300,s,4,-1,0|
102332.13926614072,|p300,s,4,-1,1|
102332.32544944096,|p300,s,4,-1,3|
102332.5123060412,|p300,s,4,-1,2|
102332.69775454144,|p300,s,4,-1,1|
102332.88393314168,|p300,s,4,-1,2|
102333.07142174193,|p300,s,4,-1,0|
102333.25584434219,|p300,s,4,-1,3|
102333.44276104242,|p300,s,4,-1,1|
102333.62891094266,|p300,s,4,-1,0|
102333.81412454291,|p300,s,4,-1,2|
102334.00125074315,|p300,s,4,-1,3|
102334.20175094342,|p300,s,4,-1,1|
102334.38873704366,|p300,s,4,-1,3|
102334.5764620439,|p300,s,4,-1,2|
102334.76292504414,|p300,s,4,-1,0|
102334.94991664439,|p300,s,4,-1,3|
102335.15194914465,|p300,s,4,-1,1|
102335.33718374491,|p300,s,4,-1,2|
102335.52342854513,|p300,s,4,-1,0|
102335.70857864538,|p300,s,4,-1,2|
102335.89411674564,|p300,s,4,-1,3|
102336.07891634587,|p300,s,4,-1,0|
102336.2657958461,|p300,s,4,-1,1|
102336.45226064636,|p300,s,4,-1,0|
102336.6369206466,|p300,s,4,-1,3|
102336.82345584684,|p300,s,4,-1,2|
102337.00925024708,|p300,s,4,-1,1|
102337.19477964733,|p300,s,4,-1,3|
102337.38159934757,|p300,s,4,-1,1|
102337.5667621478,|p300,s,4,-1,0|
102337.75296994807,|p300,s,4,-1,2|
102337.94012164831,|p300,s,4,-1,0|
102338.12660384853,|p300,s,4,-1,1|
102338.31348744879,|p300,s,4,-1,3|
102338.51460994905,|p300,s,4,-1,2|
102338.7011065493,|p300,s,4,-1,1|
102338.88729344954,|p300,s,4,-1,2|
102339.07346474979,|p300,s,4,-1,0|
102339.26049325003,|p300,s,4,-1,3|
102339.4618241503,|p300,s,4,-1,1|
102339.64726965054,|p300,s,4,-1,0|
102339.83411255079,|p300,s,4,-1,3|
102340.01888695103,|p300,s,4,-1,2|
102340.20606535126,|p300,s,4,-1,3|
102340.39217985151,|p300,s,4,-1,0|
102340.57803585175,|p300,s,4,-1,1|
102340.764515052,|p300,s,4,-1,2|
102340.95065365224,Trial Ends
